{
  "content_based": {
    "precision_at_3": 0.27777777777777785,
    "recall_at_3": 0.40720720720720716,
    "users_evaluated": 222
  },
  "collaborative_filtering": {
    "precision_at_3": 0.5630630630630631,
    "recall_at_3": 0.740990990990991,
    "users_evaluated": 222
  },
  "hybrid": {
    "precision_at_3": 0.5615615615615616,
    "recall_at_3": 0.7443693693693694,
    "users_evaluated": 222
  }
}