{
  "train": {
    "hybrid": {
      "precision_at_5": 0.19896373056994818,
      "recall_at_5": 0.6511226252158895,
      "ndcg_at_5": 0.4426154652917145,
      "users_evaluated": 193
    }
  },
  "test": {
    "hybrid": {
      "precision_at_5": 0.13717948717948716,
      "recall_at_5": 0.5416666666666666,
      "ndcg_at_5": 0.34328448197868583,
      "users_evaluated": 156
    }
  }
}